path	group	coverage	reference_blob
.env.example	7	pending	de510cbe8115515725185280d802d8c4eb596e07
.github/workflows/ci.yml	7	pending	a180dabdfa75b3490d5cd5b00908253933b9c4cf
AGENTS.md	shared	pending	49b2133187ec2a0df7dbbfe2a958b917372a424a
CHANGELOG.md	shared	partial	b6be8f061e859cadecb81f67e020d8fc1f05c5cf
README.md	shared	partial	1d190a762ea3811de54bd6f6fa227be4c4c70933
THIRD-PARTY-NOTICES.md	7	pending	1b67e9d48ea1dab26bbf7524260ec0c4550f8f10
apps/desktop/check-sidecar-staged.mjs	7	pending	59ca5d492da7d20fe65e874be33179a78b90ea38
apps/desktop/dev-bundled.mjs	7	pending	3dd21cd6f89c62cbcba80e1b9d613be73f9d2ad0
apps/desktop/dev-bundled.test.mjs	7	pending	11a39d2b27c6b13a38484f643497d978e10ab01d
apps/desktop/src-tauri/src/dragout.rs	6	pending	29d0df234b33ff86ec8e0357ba221004d0fdc1ee
apps/desktop/src-tauri/src/host.rs	5	pending	1ca1997520d2ce8a7404446fe93f5e6142bb7161
apps/desktop/src-tauri/src/importer.rs	6	pending	16fcabe70d807db7dbb58e94f8a72bef0378e33e
apps/desktop/src-tauri/src/keymap.rs	5	pending	5b40f2c6a359c8d71315ec075eae4ef7c5f8a637
apps/desktop/src-tauri/src/main.rs	5	pending	878b2fba4614d9a4d6e44724851b61ed2bca1771
apps/desktop/src-tauri/src/mappings.rs	5	pending	0463f9bedd697455322543319db5f47db8d383dd
apps/desktop/src-tauri/src/media_proxy.rs	5	pending	5abbc5927197fdf5df5fcfedfd88f968f653590c
apps/desktop/src-tauri/src/navigation.rs	5	pending	c8ef6262d35259fa60bad0ccec55e3d871bac8a5
apps/desktop/src-tauri/src/sidecar.rs	5	pending	0e884503b6bb1a99d346bc494604aea4a63f51eb
apps/server/packaging/build_sidecar.py	7	pending	2e55630661a40aae1f76efa50781200ca42a4f0c
apps/server/packaging/cairndex-sidecar.spec	7	pending	28624bbe1536fe778e17d01a79ee06215f464cf4
apps/server/packaging/keychain_signing_smoke.py	7	pending	4f54249658455564b724e0bca44f99881730accc
apps/server/packaging/macos_signing.py	7	pending	5f9e6a4de6ba705e1cb7dda428925a67dcc5d687
apps/server/packaging/smoke_test.py	7	pending	6d9657aa18ad0142547da3583ffa8bb11c34c56e
apps/server/prototypes/cloud_metadata/README.md	4	pending	3276eeb7a9d891917625a4196cb5328021275761
apps/server/prototypes/cloud_metadata/__init__.py	4	pending	db437662c9a8b106544d54c949e6227e12af6c6b
apps/server/prototypes/cloud_metadata/__main__.py	4	pending	4c5b115ac22770031854b42fd31651adaabaea79
apps/server/prototypes/cloud_metadata/harness.py	4	pending	ea0d0867930b9b418cf0d1f18778f96d3b9e36cc
apps/server/prototypes/cloud_metadata/merge.py	4	pending	09f4e348ea0b69a745d22392d199f2c0ae7c206e
apps/server/prototypes/cloud_metadata/protocol.py	4	pending	7df10d0a3154b422e67621d63b063d0050c7dd8b
apps/server/prototypes/cloud_metadata/replica.py	4	pending	0557eea79f44ccaf2785da8b7d11f4526bdbdbb5
apps/server/prototypes/cloud_metadata/test_replica.py	4	pending	d70f528d89af22e11f637b33dd4c9dc1bbf5057d
apps/server/pyproject.toml	4	pending	9237ee4059e6fad8867f5a26715a198915a33185
apps/server/src/cairndex/api/deps.py	4	pending	4c64602f8a264bf4772a558a4df333c1e69cd38d
apps/server/src/cairndex/api/errors.py	4	pending	87cc7958f2d58caac181c8f0ffc1deafd77ecfff
apps/server/src/cairndex/api/library_lifecycle.py	2	pending	2533a3643a643898431afcf1c18456d4f2ed8cc3
apps/server/src/cairndex/api/media_deps.py	5	pending	30d7c2b9ccff8676b18a6cf649b149cc4a9a995f
apps/server/src/cairndex/api/media_work.py	5	pending	9b3c8bd18d24c289dd4b60ebf6ba709a26d8505d
apps/server/src/cairndex/api/metadata.py	4	pending	85fec1787208e85ffbd3f9562eb129d6a639120f
apps/server/src/cairndex/api/schemas/auth.py	2	pending	74057d9fcc48b2444debca192fcb3e202f3bcbf1
apps/server/src/cairndex/api/schemas/bundles.py	4	pending	a46f5a4db1c587ada95272c873fe5a2b43c8013b
apps/server/src/cairndex/api/schemas/file_browser.py	4	pending	f1dc627af49d75ecf825bbda200a07d7a69af60f
apps/server/src/cairndex/api/schemas/playback.py	5	pending	42c769b3a9fbc13db2c470a7baf889644ea8d1eb
apps/server/src/cairndex/api/v1/auth.py	2	pending	a5ff96e597a3c4d86f67f4d81a5bab1b7f6b1881
apps/server/src/cairndex/api/v1/bundles.py	4	pending	1c887b6030721f1cf37bdb8707b35f52e89d93a0
apps/server/src/cairndex/api/v1/catalog_replicas.py	4	pending	1dedebee622e54fd8fb95f64d0b18fbd8a51d22c
apps/server/src/cairndex/api/v1/devices.py	2	pending	aa36681c15f534adaf12b8927161a7d76545cf72
apps/server/src/cairndex/api/v1/filters.py	4	pending	d89b554500b96f8d4c2c7778bd358aa531145db6
apps/server/src/cairndex/api/v1/grouping.py	3	pending	662ff04e57e1964c1e3d45c0988809fc9bf51617
apps/server/src/cairndex/api/v1/library_collections.py	2	pending	739543a7fa124fafa009cf3eeda9aed54b8d46a1
apps/server/src/cairndex/api/v1/library_files.py	2	pending	b3f681028bf0fb9eb6c167851a935553cfc96d99
apps/server/src/cairndex/api/v1/manual_bundling.py	3	pending	6c4f0d1efda9b53b75a186d18f392b8e27bc51bb
apps/server/src/cairndex/api/v1/metadata.py	4	pending	956981b39f85ebb6a28777d1867f384645d0f1bb
apps/server/src/cairndex/api/v1/moments.py	4	pending	1f47ad2a33ca9a79bd89e178c49b6e01fce257b9
apps/server/src/cairndex/api/v1/ownership.py	2	pending	fd134d08a10cf26c9c7fde406ee9ab6ab4e6759b
apps/server/src/cairndex/api/v1/playback.py	5	pending	2c008fb47788b0073cf281c89f72e3b4963e171a
apps/server/src/cairndex/api/v1/playback_sessions.py	5	pending	646a596867223f4381e10ccd0863e484fdfd9f91
apps/server/src/cairndex/api/v1/private_recovery.py	2	pending	5bca503ce7ad70ad7cb45227c07798aefb937dde
apps/server/src/cairndex/api/v1/replica_discovery.py	3	pending	02eef2540ae6e2018417e0c632500903aa6a3a57
apps/server/src/cairndex/api/v1/replica_media.py	4	pending	82e87f36cf4d1a89167816ec4928ae50fb73e6a9
apps/server/src/cairndex/api/v1/replicas.py	4	pending	93f9def8e39ce886e8e0bd7680f6181897f35f91
apps/server/src/cairndex/api/v1/router.py	2	pending	76e9931eab1e40e4d3c14a5e87514b4a2ce7de70
apps/server/src/cairndex/api/v1/smart_collections.py	4	pending	db6850accf02d4303b57f788c3be5cd76b499a97
apps/server/src/cairndex/api/v1/source_operations.py	6	pending	f702014f7f147793e2489d81d78e8e2b0835f44a
apps/server/src/cairndex/api/v1/tag_groups.py	4	pending	f1ee4401fd53d8a8f45eb84be13b0f78f12df731
apps/server/src/cairndex/api/v1/tags.py	4	pending	507c5dcc096d975b215810f079539aff85101856
apps/server/src/cairndex/auth/__init__.py	2	pending	44016bde78ace33f1faa52c48ac06916aaf99597
apps/server/src/cairndex/auth/library_auth.py	2	pending	0f3a71ae781b55f1270732a7a3d867cbb5e0542d
apps/server/src/cairndex/auth/local_token.py	2	pending	f2f7c105ceb45b2ea20007e196c2c4c97d25f972
apps/server/src/cairndex/auth/private_auth.py	2	pending	71f597820e22eef14fc7f2aa1cf6fd23cca1aed4
apps/server/src/cairndex/auth/sessions.py	2	pending	55590cd85701366bf61ec86e507bdae1ad64bb3a
apps/server/src/cairndex/core/abort.py	4	pending	e965fb3d320b042b5adce11240ca2411756fa775
apps/server/src/cairndex/core/config.py	2	pending	30fb99197e971d960f29eda6cf7a22731348cce7
apps/server/src/cairndex/core/errors.py	4	pending	b947f19c221e4ddd6594b698becf664246b1ad68
apps/server/src/cairndex/devtools/album_fixture.py	4	pending	c8cb43f7976f4576f03240ecb6ae5cee3c9b5634
apps/server/src/cairndex/devtools/benchmark_queries.py	4	pending	846292ce13fb5a765efe04716ae981227ad71179
apps/server/src/cairndex/devtools/catalog_fixture.py	1	exact	a73a9456486529a55f2408c8b3945ce6e5fa616d
apps/server/src/cairndex/devtools/discovery_fixture.py	3	pending	23ba31fe25428d7d30c4074bdacf9edbd55ee6ad
apps/server/src/cairndex/devtools/reindex_search.py	4	pending	8e9af31008728a2681ada6c782f8128ddffcb733
apps/server/src/cairndex/devtools/replica_creation_fixture.py	4	pending	db5eaead440f3803d0cc3a2efaa6c3752c3770e7
apps/server/src/cairndex/devtools/replica_fixture.py	4	pending	3c1a3147fc4ebc0c3a1323796155c193616c479f
apps/server/src/cairndex/devtools/replica_media_fixture.py	5	pending	a73eed536a865a7392cfa7cb8b09c59963e94373
apps/server/src/cairndex/devtools/set_passphrase.py	4	pending	706b9750d7805e474ed383abe614e13b8837dbd3
apps/server/src/cairndex/domain/file_names.py	4	pending	1ec78db78d260668513c3ea2d1cee339693c78a3
apps/server/src/cairndex/file_ops/exclusive.py	6	pending	6645e4fd63c4cce8dc4762969388f42776ecca86
apps/server/src/cairndex/file_ops/fsmove.py	6	pending	ed99c37a214dd4d4e398a2b604425ab29023d0a0
apps/server/src/cairndex/file_ops/gate.py	6	pending	52ed48a8fc4da0d95b96f74c59d7b238e6d3a731
apps/server/src/cairndex/file_ops/imports.py	6	pending	a269e055ef4a6c0f16c8e96a9b993fc12e71a05a
apps/server/src/cairndex/file_ops/operations.py	6	pending	0d9b2e9083973ec63317541dac430da0b744c23f
apps/server/src/cairndex/file_ops/reconcile.py	6	pending	fae7fa7a318a1d7f898888f1adbdd0ea540e9346
apps/server/src/cairndex/file_ops/relocation.py	6	pending	8b52dfcb20b8d7341a7e1889469609564560716d
apps/server/src/cairndex/file_ops/replacement.py	6	pending	a9547439056c3d2fc9040cc8fdacc7d3d6dcb0e5
apps/server/src/cairndex/file_ops/smb_authorization.py	6	pending	f804b581b0877c8a2e4e4f9cab2f966e5c9c8673
apps/server/src/cairndex/file_ops/smb_handles.py	6	pending	678ad01717bc4d9215f82a48576f58275bfec381
apps/server/src/cairndex/file_ops/smb_portable.py	6	pending	44b0fe4d0ee5ddd0b3583292b92a8b26f4619c58
apps/server/src/cairndex/file_ops/smb_transport.py	6	pending	26b6470fafa725daa27fa86ea09d1b4dcfe0fe02
apps/server/src/cairndex/filters/compiler.py	4	pending	1d1a2d8de7444947d3831a3f8fe94809c5bc925a
apps/server/src/cairndex/grouping/apply.py	3	pending	9f4ad10570cb1bcacb0e539f9789324177b27483
apps/server/src/cairndex/grouping/recovery.py	3	pending	002f578cd7af439e8e368c49cc67da93593973f2
apps/server/src/cairndex/jobs/worker.py	2	pending	15e1e2b59190e5671e27edb5babfd6b446cd138c
apps/server/src/cairndex/main.py	2	pending	144245caa25bf29c05a3e0128e3268edbfe23073
apps/server/src/cairndex/manual_bundling/apply.py	3	pending	52c65559445efa7e87ceaf4809ace5dcbea0e125
apps/server/src/cairndex/media/exports.py	5	pending	49e6824fc471a85c3dd3490043802dbc9016f99a
apps/server/src/cairndex/media/ffmpeg_exec.py	5	pending	99677be99784c8b44758852ec02b4095e2a4696e
apps/server/src/cairndex/media/ffprobe.py	5	pending	6606d2aff9ad4baf3616adea5091c9eef6bf432c
apps/server/src/cairndex/media/hls.py	5	pending	908fc7ed40480a57a17fe0847d6a42ffad51f885
apps/server/src/cairndex/media/inputs.py	5	pending	680ab6e0f6f16515bab631d1f0f4463e3d631588
apps/server/src/cairndex/media/playback.py	5	pending	334dcde2d36701a8a84bd5fa939c698d914c4288
apps/server/src/cairndex/media/previews.py	5	pending	ded0be9213596a62132f3e040bd7953746c01f07
apps/server/src/cairndex/media/replica_stream.py	5	pending	8d68e3ad1ac8ca6722ecc37f60ca56ab85694368
apps/server/src/cairndex/media/storyboards.py	5	pending	267c61ef76b7520dc5328901e061f928782950b9
apps/server/src/cairndex/media/thumbnails.py	5	pending	39edf41c6cdf352263c29ad0e7b67cee985c489a
apps/server/src/cairndex/metadata/__init__.py	4	exact	5db153d75112593ab3a584f9db1f146b970b6136
apps/server/src/cairndex/metadata/schema.py	1	exact	24c389742bcf9297be5ddbbfb343ae059988661c
apps/server/src/cairndex/metadata/session.py	4	pending	e70f4949c23c5583966ec7222c4917c5505a8009
apps/server/src/cairndex/ownership/lease.py	2	pending	b7ba73ecd6680d227f8b5209e4c35ffc61addc0a
apps/server/src/cairndex/ownership/lifecycle.py	2	pending	1e5a11ba79d3ad2b86a08552f5a6c081629ffb21
apps/server/src/cairndex/ownership/maintenance.py	2	pending	04c9b2571d6446ba525445058f008e45de276620
apps/server/src/cairndex/ownership/manager.py	2	pending	d27525aa3f4f677cdf8399b05188a38efe8cabe7
apps/server/src/cairndex/ownership/sql_guard.py	2	pending	d1d146b66090171531d0c2ca7f13f0a11ad3dd0d
apps/server/src/cairndex/persistence/checkpoint.py	4	pending	3aa5f9c271f18175ca8f01f4de9fb2397b0d1d20
apps/server/src/cairndex/persistence/engine.py	4	pending	39ae5a92906229910223dd702b3122ad6412df15
apps/server/src/cairndex/persistence/file_queries.py	4	pending	45908998ac65510869fa914afa56dad5a2431772
apps/server/src/cairndex/persistence/journal.py	4	pending	b03ff5b817869739feaa056706201fa3c4a473c7
apps/server/src/cairndex/persistence/models.py	4	pending	803fe5f2a479ce29e9bc5ac8a97e2370d128cff8
apps/server/src/cairndex/registry/engine.py	2	pending	4253469b522100bae33ac77c285378359fdd96c5
apps/server/src/cairndex/registry/library_engine.py	2	pending	b653d7270c3a6fa542f2ae618e2529061221149d
apps/server/src/cairndex/registry/library_package.py	2	pending	94067bfa95c52ac63125892198506936dd3093f4
apps/server/src/cairndex/registry/models.py	2	pending	488e670a5938e47648438455a806c375524e74ba
apps/server/src/cairndex/registry/schemas.py	2	pending	9538fec0d74b4117eef7e7aeb4f1352fda0eb422
apps/server/src/cairndex/registry/services.py	2	pending	a4101690de28eedfceae9fdfbc49981069bc7bdf
apps/server/src/cairndex/replicas/__init__.py	4	exact	690bba3cb944d4803ffbabe290c856b80d5abe31
apps/server/src/cairndex/replicas/binding.py	2	exact	acf883194a555b60588c4d4a626e75e7bfe02d10
apps/server/src/cairndex/replicas/catalog/__init__.py	1	exact	7c71c52a1c189a81d2ec76e47284118f33890880
apps/server/src/cairndex/replicas/catalog/album.py	1	pending	e13391a084b54894704cbb378b34a5c5513fcbe5
apps/server/src/cairndex/replicas/catalog/browse.py	1	pending	1388df2e97beb8ab63c9715a80d78a5b2d0b79c2
apps/server/src/cairndex/replicas/catalog/commands.py	1	exact	5b307ad0a517f87aea827863b06aafe36c237df2
apps/server/src/cairndex/replicas/catalog/constraints.py	1	exact	32f8438e1bda99474223069401a4bdece036c897
apps/server/src/cairndex/replicas/catalog/controls.py	1	exact	e0f24f88a50add67537338de0db5eccced8e9c4e
apps/server/src/cairndex/replicas/catalog/conversion.py	1	partial	562f88342f3521a956dbbedaa775581022ff68d4
apps/server/src/cairndex/replicas/catalog/creation.py	1	pending	852840d0e6d19206f4139d84ab45ab17411c56de
apps/server/src/cairndex/replicas/catalog/file_browser.py	1	pending	374d4f9f4940af28b287acac217924b75806d004
apps/server/src/cairndex/replicas/catalog/inspector.py	1	exact	b7dea865e8d7bdca88b03746530c07591743e54c
apps/server/src/cairndex/replicas/catalog/jobs.py	1	exact	995b560f40657657db19e125647b86a2ed10895c
apps/server/src/cairndex/replicas/catalog/model.py	1	exact	c8eaeea9c8ccb8b1aea13dfeb76b3d32bf70a8f8
apps/server/src/cairndex/replicas/catalog/navigation.py	5	pending	8b902c659a2e7da015b58405970c026c3dc4183f
apps/server/src/cairndex/replicas/catalog/projection.py	1	exact	2e2aff1d72d6e06f560cd77a31fbd992f36fa6a4
apps/server/src/cairndex/replicas/catalog/protocol.py	1	exact	64049887e79988f29945c89953985c73f63094bc
apps/server/src/cairndex/replicas/catalog/query.py	1	pending	8e964d8c62da0f0cdcfabb332acfa2807af83120
apps/server/src/cairndex/replicas/catalog/recovery.py	1	exact	bc86a087847749676ccc978547bc96f101e5682c
apps/server/src/cairndex/replicas/catalog/schemas.py	1	exact	5c7ba11f6b80dff1e046c0f582d914eae8973157
apps/server/src/cairndex/replicas/catalog/seed.py	1	exact	6917656f3a3860051ed22774c12ebd546a8e1d2b
apps/server/src/cairndex/replicas/catalog/selection.py	1	exact	386b2be9d2e696c15b3cab53bb572cb15dc5287b
apps/server/src/cairndex/replicas/catalog/source_conflicts.py	6	exact	eeccbd50c705d73bf882e3b09507b122f1d7aca5
apps/server/src/cairndex/replicas/catalog/storage.py	1	partial	ad770bc52dc5dd832af0f45f3c8e70aa939db48e
apps/server/src/cairndex/replicas/catalog/store.py	1	exact	04069a6fd3444d2faf4ac81a1fd1f51e39e2b17b
apps/server/src/cairndex/replicas/discovery.py	3	pending	c6974fc5f4f46338608818d15825bf735fe89140
apps/server/src/cairndex/replicas/discovery_choices.py	3	pending	3bc385baebe944f56d50c3e14e9fd957b02a9e57
apps/server/src/cairndex/replicas/discovery_collections.py	3	pending	0f0daa20341f0e33121b60976d3879a43a0c0d0d
apps/server/src/cairndex/replicas/discovery_commit.py	3	pending	1825e3db2723f8efc70fd2dc2c9c15ce5009f5ab
apps/server/src/cairndex/replicas/discovery_order.py	3	pending	be5f3bb34be8d21ad9a050c48a3ce6f19eb07f3a
apps/server/src/cairndex/replicas/discovery_pages.py	3	pending	0d0802177d9c34a8c880259bb09904d1c53a092b
apps/server/src/cairndex/replicas/discovery_plan.py	3	pending	dc26ba594ba9fd4b52b2e1e8c92f7ecc57c27823
apps/server/src/cairndex/replicas/discovery_prepare.py	3	pending	8105b4fc70fe860e64bd3b306502acfde7982575
apps/server/src/cairndex/replicas/discovery_preview.py	3	pending	9eb0d4e171ca741d4b98ec8d4d028b9129b38ab4
apps/server/src/cairndex/replicas/discovery_proposals.py	3	pending	cd3130b3749d84b1a0bc47a99fa719a6d1aeb5a1
apps/server/src/cairndex/replicas/discovery_review.py	3	pending	88e0a0a27f4a48dded6be839959c0593a9317ac7
apps/server/src/cairndex/replicas/discovery_review_validation.py	3	pending	5090012f2910d6632ac5d9a08ee698bd0dcca6c5
apps/server/src/cairndex/replicas/discovery_sources.py	3	pending	37999f4b78381cba60b515dddac5336fbd9f865e
apps/server/src/cairndex/replicas/discovery_state.py	3	pending	13fa0877795e42178c2786af450a50abb3dc10f7
apps/server/src/cairndex/replicas/discovery_validation.py	3	pending	09fd6224ee755c86ed7f74644bfe3c7340983b88
apps/server/src/cairndex/replicas/discovery_verification.py	3	pending	fc394891ef723cef20d2b096307e62f4715c86a6
apps/server/src/cairndex/replicas/inventory.py	1	exact	1596ed71fba0048b9201926384f49091fc28d022
apps/server/src/cairndex/replicas/media.py	4	pending	7fd0dfa03e7c2dbb64589b6184674712f8c882cf
apps/server/src/cairndex/replicas/media_cache.py	5	pending	ebca1aa218e485da9ab60420447d4b9823927385
apps/server/src/cairndex/replicas/private_schema.py	1	partial	f920df4a5cedd83a9ffff07de8f9f9e96ae7ed53
apps/server/src/cairndex/replicas/protocol.py	1	exact	b2f3624d2037a56a846453b60142eda6d7afb09c
apps/server/src/cairndex/replicas/recovery.py	2	pending	8d1417a32f238ec8739c59cd5d7f18997b6985e5
apps/server/src/cairndex/replicas/recovery_cli.py	2	pending	464604229a9de485decc844799ea9e6f6b366526
apps/server/src/cairndex/replicas/recovery_tasks.py	2	pending	73126d54bf67d1017e1df81fdd3f9d5b0362b9d6
apps/server/src/cairndex/replicas/recovery_validation.py	2	pending	36010485cc65196be9de821279f338ee366fb046
apps/server/src/cairndex/replicas/schemas.py	4	pending	a516e863b5588c34ba79e8602b5be3a73d8d3531
apps/server/src/cairndex/replicas/service.py	2	pending	c9cbe77471c7f98a971de87b3324ddb5268e58be
apps/server/src/cairndex/replicas/source_catalog.py	6	pending	cb8019bbcb7388ce20c3314b1b45b134521d8fea
apps/server/src/cairndex/replicas/source_claims.py	6	pending	47962bfcb182f09eea39adbff5750bf284c018d0
apps/server/src/cairndex/replicas/source_execute.py	6	pending	afee833eed2f9a0ff005b3a2291ce5e3c25a2ebb
apps/server/src/cairndex/replicas/source_files.py	6	pending	ecf55ec95c7f5c8bbe88cf9b84203f1d6b4bcc78
apps/server/src/cairndex/replicas/source_journal.py	6	pending	2af278e2c22ebc4702a23181098c643c7376db01
apps/server/src/cairndex/replicas/source_plan.py	6	pending	22073b667203bb87004cf9ea83701e32faedd26e
apps/server/src/cairndex/replicas/source_receipts.py	6	pending	5e4126cb9a395aaa80b7a712251a8a103665d412
apps/server/src/cairndex/replicas/source_transport.py	6	pending	50ca946626402dfdb352d9b5be21ad4f064b314c
apps/server/src/cairndex/replicas/source_trees.py	6	pending	19ff7ca3e5487af35d4c401ace869d9bd0d01437
apps/server/src/cairndex/replicas/source_undo.py	6	pending	cf5a6931503642fe158623d789f1cdd533dc0871
apps/server/src/cairndex/replicas/source_uploads.py	6	pending	64f92d77af940f976dfbb850d9bd7b0e2b666f7e
apps/server/src/cairndex/replicas/store.py	1	exact	b94d9af1128748a2324b8513e5d9ffdbcb25f715
apps/server/src/cairndex/replicas/transport.py	2	pending	5d3bde0d8dee825086c9d20a79ccfd1226627f38
apps/server/src/cairndex/scanning/handler.py	3	pending	858406dcc69e6049f49c0a0ab6402068fb30ee0a
apps/server/src/cairndex/scanning/media_types.py	3	exact	2a58eb7a1268aa56646c1b60a4047bb0f2be7819
apps/server/src/cairndex/scanning/repair.py	3	pending	ab354ca14391530e68d57aa39a42413b1bb86875
apps/server/src/cairndex/scanning/scanner.py	3	pending	69c2df099ccb00e71a84afadeee591c3b1559a3c
apps/server/src/cairndex/search/__init__.py	4	pending	61a22ac9d4cf65c60551406064494bcc3736360d
apps/server/src/cairndex/search/index.py	4	pending	fff0916dd7d6861a896a35d60365523b1149e650
apps/server/src/cairndex/services/browse.py	4	pending	b5cdc3d2b12080fcbe2f9c897157ec08192bb22f
apps/server/src/cairndex/services/bundles.py	4	pending	e1f6b1debfe3bb71cc541bcb2f27be522076a99f
apps/server/src/cairndex/services/file_browser.py	4	pending	6a5123826f4e3233c795afa5f95f03b831d07e92
apps/server/src/cairndex/services/tag_groups.py	4	pending	6ae990e9141d188bee3746d5496e40d54e5f28cd
apps/server/src/cairndex/sidecar.py	2	pending	ccfaf2b75e53c2c42e22af13b4db1e6db89e4d34
apps/server/tests/conftest.py	2	pending	04d52fd942dc48ca6d81c99c1f8a51b9bc604e47
apps/server/tests/test_auth.py	2	pending	3dd2607956233c63fe3af4ec8ae23e20550f8f68
apps/server/tests/test_backup_restore_scripts.py	4	pending	6fcd39f3484756722db8fa1c28e189bde89868a8
apps/server/tests/test_catalog_album.py	4	pending	71869310fe51853c464dc264d4f5367a8fa94eaf
apps/server/tests/test_catalog_browse.py	4	pending	3e33743f2e2eb39f8705368ff358fbb79be6caaa
apps/server/tests/test_catalog_inspector.py	4	pending	69045475e04065fd4b531a82f2a145ced2e5af72
apps/server/tests/test_catalog_query.py	4	pending	9b2a70909fb8a69369f006ecb0bd31caeadb48f5
apps/server/tests/test_catalog_selection.py	4	pending	3586699f4723491b4faf14542c96390c356fee52
apps/server/tests/test_concurrency.py	4	pending	908b04daf9526de541a21c15d501688f7d5e12b2
apps/server/tests/test_devices.py	2	pending	74b9150a66930f7b9ac11e7d4bce8d4738d9262b
apps/server/tests/test_editing.py	4	pending	ab2880bef9eb0f6e1b9b630c9d348536093cfb95
apps/server/tests/test_file_metadata.py	4	pending	6307eaea0a46dcb4aff32561a960b9fd1175d009
apps/server/tests/test_file_ops.py	6	pending	66246fc7d3b13b1a737cc6c4314a2d89e1a3b02e
apps/server/tests/test_file_ops_api.py	6	pending	374166c15542dc7c3224a75fad593296edbca2eb
apps/server/tests/test_filters_api.py	4	pending	d2708b6a9bd64c0217740b85fecb2415fdf8a11d
apps/server/tests/test_grouping_api.py	3	pending	ee35e5d5c5cb930ae053cf2940d45577e83ed8d2
apps/server/tests/test_grouping_recovery.py	3	pending	5f9538bd60e27984ccb94964c5a59717a8ab7aae
apps/server/tests/test_hls_sessions.py	5	pending	cafb9b91cda111b4ed2ca2a803b228a16cbbb587
apps/server/tests/test_import_replacement.py	6	pending	b328637c6738b86e40126c56b0a4c91b102a17b0
apps/server/tests/test_journal_mode.py	4	pending	b21447e830fb8fef0a909f4ab6115650cf109c4a
apps/server/tests/test_libraries.py	2	pending	d52391512b4f89db0e41c2f612a8c92fd89318f2
apps/server/tests/test_library_scoped.py	2	pending	40d26c6c72ed948e521b5905fd385e051375ace6
apps/server/tests/test_macos_signing.py	4	pending	f4301ac019d4a6de3ca9130de11c248d1ac26740
apps/server/tests/test_media_work.py	5	pending	b0349926a3704276bc50a4cabde1b25cbffa8dd8
apps/server/tests/test_metadata_edits.py	4	pending	874e2788f5679124066e7082f3a0134e531dfcf5
apps/server/tests/test_models.py	4	pending	725994c5dbdb5baccae2aea9892d5cd483129e4a
apps/server/tests/test_move_replacement.py	6	pending	7247fe6a14cfbc42f0521bf28e3fb2257467000d
apps/server/tests/test_ownership_api.py	2	pending	43670ebceacae72e52a391d5af390c392c1905f9
apps/server/tests/test_ownership_jobs.py	2	pending	a73b65afcd82260fd71bbf6772b2beab3b120283
apps/server/tests/test_ownership_lease.py	2	pending	967cddde330686a41d13bedbab520589f3bdf58d
apps/server/tests/test_ownership_lifecycle.py	2	pending	5f62ef898154cee28784480b3b42d3d66ba8a469
apps/server/tests/test_playback.py	5	pending	95f8f974c83a28aa56d988269a13910582dd3bfa
apps/server/tests/test_portable_admission.py	4	pending	06ed59c9e075156d8adb07e853cc69a8a973deb5
apps/server/tests/test_portable_source_api.py	6	pending	2c26722f1a41a2f492074d1044186efcb18b8cf5
apps/server/tests/test_portable_source_files.py	6	pending	d331a451e2f6ecc0b16c4367a67e96949e0c0220
apps/server/tests/test_portable_source_operations.py	6	pending	14b0a250a57d78ba89ea2cbd009feadc1a70ece3
apps/server/tests/test_portable_source_undo_creation.py	6	pending	a053e863450e53c76eb0a0650ea459754d181dcd
apps/server/tests/test_private_controls.py	4	pending	e189c325fa1c719272ba763f02d736398f047a73
apps/server/tests/test_replica_catalog.py	1	exact	7b02ec140243da8b7b0dc2c992167fd939ada66d
apps/server/tests/test_replica_catalog_api.py	4	pending	0c7edc3af0b06c9475fefda76dc36c751452fe00
apps/server/tests/test_replica_creation.py	4	pending	176c05739809c2f5d01748fe259c1599bb46ea2d
apps/server/tests/test_replica_creation_binary.py	4	pending	c64a7c266874a703165cc05b82b23bdd10672be9
apps/server/tests/test_replica_discovery.py	3	pending	690e6225e1a425706caf44486789618bb09b3802
apps/server/tests/test_replica_discovery_binary.py	3	pending	c13dffa44219b03cb46c2c8885389ef3541447d8
apps/server/tests/test_replica_discovery_large.py	3	pending	2ec33c6716bc833fc43570303afdc1dc391e8f0b
apps/server/tests/test_replica_discovery_plan.py	3	pending	2d890f3ed2dd6995d3d53b19280159628b5c9eb8
apps/server/tests/test_replica_media.py	4	pending	8674778b87e1c9556cf3636090d527dce30dfccd
apps/server/tests/test_replica_recovery.py	4	pending	a268278b1b78e93714e6dc817bd5f81a568b276d
apps/server/tests/test_replica_recovery_api.py	4	pending	6c13103ac446e7f4a3ad4b377e67fa99fe1316a3
apps/server/tests/test_replica_recovery_binary.py	4	pending	b1f361b942fa71fecebc6b1fd3e8854f2dde0988
apps/server/tests/test_replica_verification.py	4	pending	a3ecd45a633bb0aafcdc2694a56175dec8cddaa6
apps/server/tests/test_replicas.py	4	pending	d514469926c47d83d52024d48e5f40778993beb4
apps/server/tests/test_scan_recovery.py	3	pending	5acda24c8d66213811c1b3bc421d4ede1edd910a
apps/server/tests/test_scan_repair.py	3	pending	d6facc3af44ae4d204f2742591fe19f684df1dda
apps/server/tests/test_scanner.py	3	pending	a7a2e4d79d8bd93f0f4a737774fdad7f176d89d1
apps/server/tests/test_search.py	4	pending	ada0d69d18d60949927ecfe39f2a1827c4f2210b
apps/server/tests/test_sidecar_auth.py	2	pending	2dd649caecc154311ce14406bcbab07f666b2a9f
apps/server/tests/test_smb_handles.py	6	pending	0990e9e49d13d225db18376ad87f3dc19951d55e
apps/server/tests/test_smb_keychain.py	6	pending	0d1fad484d269132cc6dfced4a6c4f6a0418feab
apps/server/tests/test_smb_portable.py	6	pending	7cf2ca2f6fac18cc71cd3a803ad0610f86751ffd
apps/server/tests/test_smb_transport.py	6	pending	abfb520d223d9619a1e71d5d88da5b28af045911
apps/server/tests/test_sqlite_hygiene.py	4	pending	3e09397a05237dcf130522a460133429fcb0a4d4
apps/server/tests/test_thumbnails.py	5	pending	ab196dcd15b8ee9764e93d6c5bcfa943a112a130
apps/server/tests/test_unbundled_queries.py	4	pending	50d6f2283ed5421323b7a9ee00ecaf4257497945
apps/server/tests/test_write_mode.py	4	pending	bde3421abedec739b052972aec393921eba3b54f
apps/server/uv.lock	4	pending	8d75ef5c292035ea80fac5ba6e3bd8bbb79f6541
apps/web/e2e/all-tags.spec.ts	4	pending	deleted
apps/web/e2e/catalog-album.spec.ts	4	pending	0e7d859b173fd0cf78625e07e059cbf01b59b691
apps/web/e2e/catalog-browse.spec.ts	4	pending	17cec9bd12b601dd60e2608c2f122fe05399ac4c
apps/web/e2e/catalog-inspector.spec.ts	4	pending	e7ca67019221400ea4ce318f8602eea2bc051cab
apps/web/e2e/catalog-replicas.spec.ts	4	pending	f9e7b47a21431ceb71791bce9fd2d08e980ad5fc
apps/web/e2e/catalog-selection.spec.ts	4	pending	59a4ea50c183f3205597cbb12f192075c39e990a
apps/web/e2e/connections.spec.ts	5	pending	2728308a2895baffae66a73419cac299c0ab6ef5
apps/web/e2e/devices.spec.ts	2	pending	a946a6ec7cf50054aee146767929896129217558
apps/web/e2e/edit.spec.ts	4	pending	deleted
apps/web/e2e/file-browser.spec.ts	4	pending	deleted
apps/web/e2e/filters.spec.ts	4	pending	deleted
apps/web/e2e/grouping-folders.spec.ts	3	pending	deleted
apps/web/e2e/libraries.spec.ts	2	pending	46528b94d97ab95e2dfabbb1b96ad52dc4acb8e2
apps/web/e2e/library.spec.ts	2	pending	deleted
apps/web/e2e/manual-bundling.spec.ts	4	pending	deleted
apps/web/e2e/mockMetadata.ts	4	pending	7f38e4d3e06b00cc18e26aa3b63e2dd85db3f03b
apps/web/e2e/ordering.spec.ts	4	pending	deleted
apps/web/e2e/overlay-scrollbar.spec.ts	4	pending	deleted
apps/web/e2e/ownership-lifecycle.spec.ts	2	pending	39ca7621db43d60026ef513ad78befa434225668
apps/web/e2e/player.spec.ts	4	pending	deleted
apps/web/e2e/private-controls.spec.ts	2	pending	80459ca695844e930a1dc21e68fada8694d6d139
apps/web/e2e/realBackend.ts	4	pending	e927f3ec0e5333cf924c7b51587e66342a263b6d
apps/web/e2e/replica-discovery.spec.ts	3	pending	d785e121e7f723356c483ba283b461877410b6c2
apps/web/e2e/replica-media.spec.ts	4	pending	3bc8b5a92fa1d5e665541d94d17a928c8aa4f8fe
apps/web/e2e/replica-recovery.spec.ts	2	pending	6247cc45c80e3e5875c312e95adf2239b834d901
apps/web/e2e/replicas.spec.ts	4	pending	41044b64f907186ba5bd6553a483b28f4c570954
apps/web/e2e/smart-collections.spec.ts	4	pending	deleted
apps/web/e2e/source-operations.spec.ts	6	pending	5487163a6b8d11ddce39f728ddeb3d03de3fe5f1
apps/web/src/App.openFolder.test.tsx	4	pending	9160de362a5eecba2e3720fdc3056394a9fca01d
apps/web/src/App.test.tsx	4	pending	563a1c6c64f74dd8b2cd5c6ef2412b86bac85fde
apps/web/src/App.tsx	4	pending	f049e3f52be99c0ba16a0755b44ef318f8ac656d
apps/web/src/QueryScope.tsx	5	pending	f831973cc98ee91b81b4cc9dddad12facf12f76b
apps/web/src/api/catalog.ts	4	pending	160b7f35686b19f6866c6e59c6644886751c6644
apps/web/src/api/catalogQuery.test.ts	4	pending	8290fd8e400d62c5559b4b7febda82fe42ddfafd
apps/web/src/api/catalogQuery.ts	4	pending	e5e5c6c039d1363e81c324f0cfbae84fa391c828
apps/web/src/api/client.ts	4	pending	25ca35bcec2858b3b6d832a40661b001ce8117b8
apps/web/src/api/discovery.ts	3	pending	deeadd418a79536a62d5dea0ca060b38cb9b8d4c
apps/web/src/api/editBasis.ts	4	pending	b67f3804efacab459a00fd53b22a88393558d940
apps/web/src/api/hooks.ts	4	pending	3f86568f8b5c6fa4028e62feb610f1a87139d0fb
apps/web/src/api/metadataCompatibility.test.ts	4	pending	45b4231904d1d5abf6cf9af1f9e6b6dc28139189
apps/web/src/api/metadataCompatibility.ts	4	pending	81094e3039ed3885f5ad800bfb801d2a1f92efa5
apps/web/src/api/metadataEdits.test.ts	4	pending	7036174e13d57bae22f8d199776aa7738df482ee
apps/web/src/api/metadataEdits.ts	4	pending	f03a50042bda21c0d55e92990f87f07f1558bf57
apps/web/src/api/openapi.json	4	pending	91c4636814463c2cf7e53a546b5584144519e8e4
apps/web/src/api/privateRecovery.ts	4	pending	e4574c38a0ebba5b51c81e710224ac8e24df8b5f
apps/web/src/api/replicas.ts	4	pending	58a4c356ef98778b2fc4cb46f9fcdfeb2757b7fd
apps/web/src/api/requestScope.test.tsx	5	pending	edc37d9a46a4cd9f2ff0d2a4530cddb7f66de1de
apps/web/src/api/requestScope.ts	5	pending	a692465c29cab144b6b4ad67f1422f8f1bc8ff3d
apps/web/src/api/schema.d.ts	4	pending	094813a7d18d72a83e9d06f2c54ff751136c4af6
apps/web/src/api/sourceOperations.ts	4	pending	c95c18211ef3b08af289366c27be00ab3c61ec57
apps/web/src/api/useScopedMutation.ts	4	pending	6e549842423426a8143978c08a1f0ed676ae913a
apps/web/src/app/AlbumItem.tsx	4	pending	55a7ed078608ca59ee91a7e2685fbdf661ead9f0
apps/web/src/app/AlbumItems.tsx	4	pending	0fd470fdd1098b382d778c6e66d725ecc55b201c
apps/web/src/app/Browser.tsx	4	pending	13e069898e3dd1ae5f8a1f8b45ee22044d3d94de
apps/web/src/app/BundleAlbum.tsx	4	pending	7e8a7964e4d00bc0a45e73a761be56fb2bb1bfcd
apps/web/src/app/CatalogBundleAlbum.tsx	4	pending	8849633c4e69117e681234a7a4c3acd8c044f109
apps/web/src/app/CatalogBundleBrowser.tsx	4	pending	e9211a6cb85b2addf3b4466dfdbe54042d0ad727
apps/web/src/app/CatalogBundleFiles.tsx	4	pending	af561542b386f4719d84122af7b1478ae13c2956
apps/web/src/app/CatalogBundleInspector.tsx	4	pending	d1d1572b8843d935e2cfb2cb87f6b80200202fc3
apps/web/src/app/CatalogControls.tsx	4	pending	f80b02bb8f1432cb5ce8ff27ada16654989a0a32
apps/web/src/app/CatalogEditor.test.tsx	4	pending	e2d1f27e149b38593cee63b90ed679823b935582
apps/web/src/app/CatalogEditor.tsx	4	pending	54f957ea82605ae05c57981850340f08b3c86af4
apps/web/src/app/CatalogFileBrowser.tsx	4	pending	ae364e2ead701a4adbf4fab66541dde27641609d
apps/web/src/app/CatalogFileDetails.tsx	4	pending	556a652b20cad0e14e7d49f36222274fd6160e19
apps/web/src/app/CatalogFilter.tsx	4	pending	14812e794e63ec5f6d92dd506d76ea780bc7adcd
apps/web/src/app/CatalogJobs.tsx	4	pending	a5a4144297442964f9d892528aa89079880cac50
apps/web/src/app/CatalogMembershipPicker.tsx	4	pending	d1e8aa04bbc575b7b4fa0c0a559e89dadfc411dd
apps/web/src/app/CatalogMultiBundleInspector.tsx	4	pending	f893cfae371c26fa1e5c631c5a691fce69fdb08a
apps/web/src/app/CatalogNavigation.tsx	5	pending	8ababc5dfa21ffb00a126d93423580e9e96e32fc
apps/web/src/app/CatalogOrdinaryBrowser.tsx	4	pending	4e9698df67d551ac0e6bd6303cf2d12ace11c28e
apps/web/src/app/CatalogReview.tsx	4	pending	b3986ac46f10963d5552f3ec0f129dce53b8aa1d
apps/web/src/app/CatalogStructures.tsx	4	pending	6c35c6239be2b7a0c2b1b706e1aa9b8825321312
apps/web/src/app/CatalogUnbundledBrowser.tsx	4	pending	20e3145fa8f9dc348af1045b3d849471362f1ea8
apps/web/src/app/CatalogWorkspace.tsx	4	pending	9bb70ebf25e1ed473024cb65b6c47095535a6991
apps/web/src/app/CleanupOrderDialog.tsx	4	pending	f98c9237387b28792354effc03bca20c3bec2524
apps/web/src/app/ClipExportDialog.tsx	4	pending	75f2cc765d5d0b009664f4f7b6e5a6778a326dd2
apps/web/src/app/CollectionFromFolderDialog.tsx	4	pending	81dbf6015ee75693d374cc44db5e82568fba84eb
apps/web/src/app/CollectionHeader.tsx	4	pending	f9a726e72bb7956bd1480e305cf3be3ce909f305
apps/web/src/app/CollectionInspector.tsx	4	pending	14fb61ba56260aac5e032d3e9273f6947d6b681b
apps/web/src/app/CollectionPicker.tsx	4	pending	56e573b6f2a04c0fd191f227252505f5c671d5c2
apps/web/src/app/ContactSheetDialog.tsx	4	pending	03369096c14a961522ca24edfc235af239987eeb
apps/web/src/app/ContextMenu.tsx	4	pending	f604370330eb9db601cfd5ac06a851ca761ba68d
apps/web/src/app/DeleteBundlesDialog.tsx	4	pending	0bbc37b7ddb5263898558b73545c87733b774ed6
apps/web/src/app/DiscoveryCandidateReview.test.tsx	3	pending	696bc45e0defb5f563d6aa98a9178d149e607ec9
apps/web/src/app/DiscoveryCandidateReview.tsx	3	pending	ae3b121ef10c6c9a06358f49d3e1ca20f89dc81c
apps/web/src/app/DiscoveryPrepared.tsx	3	pending	c940e6b82ae2708d5f444b1b8c863611b03a62e3
apps/web/src/app/DiscoveryVerification.tsx	3	pending	52e1ef903c08e2d638476bf4c711b2a5d01636cf
apps/web/src/app/FileBrowser.host-actions.test.tsx	4	pending	9d4d926407f3eb445ab44088c4c3ab9d19c24590
apps/web/src/app/FileBrowser.navigation.test.tsx	5	pending	2131423139b30c76d2b9c4d191575e9e0a39e464
apps/web/src/app/FileBrowser.tsx	4	pending	4f7582894ecbb1f7cd61b67c737b03b82a31fc17
apps/web/src/app/FileBrowser.write.test.tsx	4	pending	3215e940688f97b50ce96c5715d8e64fc4b93235
apps/web/src/app/FileInspector.tsx	4	pending	565921dbaeee40600d4f9981c38b78fc508cc4d6
apps/web/src/app/FileWriteDialogs.tsx	6	pending	db548a3002b04692496421116ece9f92b992d976
apps/web/src/app/GroupingReview.test.tsx	3	pending	c7534f2773ce0f979c489e4e7d7d13c8da943462
apps/web/src/app/GroupingReview.tsx	3	pending	e14afc284c4ad422ebca8003b0e01c2fbb4ac545
apps/web/src/app/Inspector.files.test.tsx	4	pending	2fef60ce42bce894f276b956e106b73c6cd68ebd
apps/web/src/app/Inspector.folders.test.tsx	4	pending	b96e8680048576de307026d15f6ff05e45fddb60
apps/web/src/app/Inspector.notes.test.tsx	4	pending	3dc0594097e7274a851a06aa3d770b27a1d45ce4
apps/web/src/app/Inspector.parity.test.tsx	4	pending	e266b0185c38d5d2d545ead2bd2b37c2c91488ea
apps/web/src/app/Inspector.tsx	4	pending	3cc969972793e937842c3fb3e6e6d75fbb4204a5
apps/web/src/app/LibraryManager.desktop.test.tsx	2	pending	83287e23c6d378be607b957bc7b4bcbe7efdc251
apps/web/src/app/LibraryManager.test.tsx	2	pending	3cf082a82eac5afa3f7af091a746742dcdddfaa6
apps/web/src/app/LibraryManager.tsx	2	pending	587e8787d89ee7baf502a5fd941d892468790320
apps/web/src/app/LibraryOwnershipNotice.test.tsx	2	pending	69a25c691f7c31b268903c7e5bff7b3d68bf2316
apps/web/src/app/LibraryOwnershipNotice.tsx	2	pending	7f674396955bceaa6c2d8874c25f379d00d67edd
apps/web/src/app/LibraryPrivateControls.tsx	2	pending	139da50fc98c111b8c5cf52c5923ffd96a6edb17
apps/web/src/app/ManualBundlingDialogs.tsx	3	pending	03e08b01a5c5cd54b6a19f89e455b94ec16d3ecd
apps/web/src/app/MetadataReview.test.tsx	4	pending	7f3e21738d6879aef9ba0e642074781567d229ea
apps/web/src/app/MetadataReview.tsx	4	pending	57de05c837fc81648a5dd27d3cc741e416ffc261
apps/web/src/app/Moments.test.tsx	4	pending	ce9e57a096829652afbe9cd923c2a65319df3619
apps/web/src/app/Moments.tsx	4	pending	7fc51cec831bd7ddb96ff771bb03c6ddadc0bec4
apps/web/src/app/MultiBundleInspector.tsx	4	pending	83153abf5b1b3cfc1092cdaef585e877f41c7535
apps/web/src/app/OwnershipConnectionControls.test.tsx	5	pending	73e875dbee5a60a95f1d929cedd59b4c556af421
apps/web/src/app/OwnershipConnectionControls.tsx	5	pending	02406cfeab1a4afd790769688e6ce12f1a4a13ce
apps/web/src/app/PanelToggles.tsx	5	pending	02c6f3bd1d0d67ec4e681b423796d95a5f9f379b
apps/web/src/app/PromptDialog.tsx	4	pending	cab76d05be01c969df9bbbb68052714afacd48b1
apps/web/src/app/RemoveCollectionDialog.tsx	4	pending	36b1c8bdf58d7505eb2a4442b0a8f1d6fe396473
apps/web/src/app/ReplicaDiscovery.tsx	3	pending	801d68125d151d777a62e0a450c29caad30ad7b0
apps/web/src/app/ReplicaEditor.test.tsx	4	pending	2d9246c24ded9143796e626634e83a600a1cfd6a
apps/web/src/app/ReplicaEditor.tsx	4	pending	34e14aa4804ec727d7de002899d69a5b6b4324d4
apps/web/src/app/ReplicaWorkspace.tsx	4	pending	1f60e5a58a52667620b184c942ee4051519e0b52
apps/web/src/app/SettingsDialog.desktop.test.tsx	4	pending	f53b7fc4073d3cdbdd6d00795c920019c9d660da
apps/web/src/app/SettingsDialog.test.tsx	4	pending	463e8fd81da1e37339716d9b305688199dd2d854
apps/web/src/app/SettingsDialog.tsx	4	pending	dd1e3f22bb5c9b1a57c0cbd547685101e9dd407d
apps/web/src/app/SettingsDialog.watermark.test.tsx	4	pending	6f5e6c777b5585df8ff94dec3a6501c7561c8ae7
apps/web/src/app/ShortcutReference.test.tsx	5	pending	12eacbf80232fd9c790a31fd43039317037ddf9b
apps/web/src/app/ShortcutReference.tsx	5	pending	733cccc298eba5e0d94772d384a8b7269238ffd1
apps/web/src/app/Sidebar.collections.test.tsx	4	pending	02e136c3cc7ea04a96dcdd2652491e6178256b3b
apps/web/src/app/Sidebar.tsx	4	pending	6438fa38ede355977f688bed9a0f7a4768861c78
apps/web/src/app/SmartCollectionEditor.test.tsx	4	pending	593a66e990410219242706ed9cae7c7f0aa99da6
apps/web/src/app/SmartCollectionEditor.tsx	4	pending	6eebbe5edc63c38afc8c4876a871024704e1b8ec
apps/web/src/app/SnapshotDialog.tsx	4	pending	e4955a36897e1a52c89bf471cd12a17dbb460bd9
apps/web/src/app/SourceOperationReview.test.tsx	4	pending	45a0ee929627aebc59d92f01d128bdcb618dcb59
apps/web/src/app/SourceOperationReview.tsx	4	pending	da15bed1bdace0909128dd70bb9b005001c3a7c4
apps/web/src/app/SourceOperations.tsx	4	pending	3f9dd0015610dfbfcc5afdcb3231bc1995e42be2
apps/web/src/app/TagEditor.tsx	4	pending	5869bac8a6ff58a7f7bdf02cbe6769ea994f0026
apps/web/src/app/Toolbar.tsx	4	pending	53d63615574e39d71b432a462887b1337d37e671
apps/web/src/app/ViewOptions.test.tsx	5	pending	133f5b143c1a9d7719eab2c2b5493b503a51ff78
apps/web/src/app/ViewOptions.tsx	5	pending	d47e3502c8dbf3dca2399b815d27afdca21e90ab
apps/web/src/app/bundleRows.test.ts	4	pending	0ebf8bcd0f2cd11f4470469417790730f3b8e1c7
apps/web/src/app/bundleRows.ts	4	pending	36f6b4d2b89dd8b967c8199d732a234711bd34e7
apps/web/src/app/catalogBulkDraft.test.ts	4	pending	a4644eb91d2d5523076e277f0c102f168ab8f8bc
apps/web/src/app/catalogBulkDraft.ts	4	pending	a583c61a2139bccb9aebf39eb8777f13fdd20001
apps/web/src/app/discoverySelection.ts	3	pending	6178bb4137477670d8b3a0dd74260cf8db58e882
apps/web/src/app/filterModel.ts	4	pending	d3ed260b01e4880dcee11aa0bb09c8cf5f8c1722
apps/web/src/app/importBundleOffer.ts	4	pending	1ead8fa684884e47d0e66793a16bb2d5a60a7c09
apps/web/src/app/selection.ts	4	pending	04ba2022ed5c2e88c3c97d5dbb4724dd9d6f7b60
apps/web/src/app/useCatalogBundleDraft.test.tsx	4	pending	40509ee751e4cd155a0bab50ab2ef83300056be4
apps/web/src/app/useCatalogBundleDraft.ts	4	pending	872ea77100c610579e8558263bdcb1dbed415aa6
apps/web/src/app/useCatalogDraft.test.tsx	4	pending	29cd768a2175b8326334738105c994014faba948
apps/web/src/app/useCatalogDraft.ts	4	pending	e683aadf1885424ef23d4fab7c21070aadd96ab4
apps/web/src/app/useContextMenu.ts	4	pending	4f0f80c55295d3bde869eb0129ece7fa301f355d
apps/web/src/app/useFileSelection.test.tsx	4	pending	ab230311bc5e2fc1fcf7b5192d3bd33874c7012e
apps/web/src/app/useFileSelection.ts	4	pending	00426c89ced84a150cfb41e7350cd54af0ae5826
apps/web/src/app/useModalDialog.test.tsx	5	pending	18a64b07ca7e818674e5ac60896303fb3fe19711
apps/web/src/app/useModalDialog.ts	5	pending	fc19c86fa02433db12c5930fd8c4edce0259047a
apps/web/src/app/usePanelWidths.test.ts	5	pending	6b19b94d47047969a555026781a789d8610586f2
apps/web/src/app/usePanelWidths.ts	5	pending	6b8133132f6bee6aa82813260edbd684cdbc5112
apps/web/src/app/useWebImports.test.ts	6	pending	9ac35dc5340561bcc55eb78a5d82e0d554ac9238
apps/web/src/app/viewer/ImageStage.test.tsx	4	pending	b62832283ab909e5acb7dfceab3ae48d4a5d6491
apps/web/src/app/viewer/MediaViewer.tsx	4	pending	e2f1305c135a3784ad8107dca50397bfdfc3bf61
apps/web/src/app/viewer/ReplicaViewer.test.tsx	4	pending	8dd4b37fcd150312ec0bec5f94d534dee68a2d8b
apps/web/src/app/viewer/ReplicaViewer.tsx	4	pending	eae3a57ae8c9d3d0d4c8de54b16462c2f4f3e944
apps/web/src/app/viewer/ViewerShell.tsx	4	pending	92c6cbdaf91b9d22e6f34922de0fe47db6a04033
apps/web/src/app/viewer/player/ControlBar.tsx	5	pending	48c02b01ddab4146857f22ba503a1dd58c1b913e
apps/web/src/app/viewer/player/PlaybackDiagnosticPanel.tsx	5	pending	3b9cfd1a1b8ab803d3aa5f0c5bf81295d4273544
apps/web/src/app/viewer/player/engine.ts	5	pending	02f808dfa2ef4cb80883882f961dc743c57b2125
apps/web/src/app/viewer/player/useClipRange.test.tsx	5	pending	96ad7b92f46b50a3f0cbb6fd2cc935fb8dd80504
apps/web/src/app/viewer/player/useClipRange.ts	5	pending	7bc46bb3f12660bad0610f5b78d4e49128e3b78e
apps/web/src/app/viewer/player/useHlsSession.test.tsx	5	pending	695c496f4157da36f8679479611356e7fe498500
apps/web/src/app/viewer/player/useHlsSession.ts	5	pending	8d769a0b3deaced0ed1ea2470993d7a895aa1126
apps/web/src/app/viewer/player/usePlaybackDiagnostics.test.ts	5	pending	f66bb42ce38d5e4510ea8133377617d1b9721f80
apps/web/src/app/viewer/player/usePlaybackDiagnostics.ts	5	pending	6db49412456064ee0b011ccc35cdbca9d4410713
apps/web/src/app/viewer/player/usePlaybackProgressReporter.test.tsx	5	pending	9ca8318afad2bb59fc8cf98c6658411ed4c950d9
apps/web/src/app/viewer/player/usePlaybackProgressReporter.ts	5	pending	704fd0ec4a53c803cdbd10aad8560eeb4cb7ba5f
apps/web/src/app/viewer/player/usePlayer.test.tsx	5	pending	c1c749410e5008a155d3c21ee7a9107f0b382968
apps/web/src/app/viewer/player/usePlayer.ts	5	pending	881b92e545eac4e1296ba6a533a7f1440531ff56
apps/web/src/app/viewer/player/useShortcuts.test.ts	5	pending	a950b0d58627653fc1d8c5aa23e10a8bdae585fc
apps/web/src/app/viewer/player/useShortcuts.ts	5	pending	5b71dca7c50978f483a23db9fdf00946ac4323b3
apps/web/src/app/viewer/viewerItem.test.ts	4	pending	fdaf269c8e72d8fdbe9520e68599e78c93791289
apps/web/src/app/viewer/viewerItem.ts	4	pending	f71dd11993875ce6ed880c3d5f240009f594bf63
apps/web/src/desktop/ConnectionControls.tsx	5	pending	0be5adba059b8befa705cc8ae42bec6bea0e6a6f
apps/web/src/desktop/DesktopBootstrap.test.tsx	5	pending	112950f0d28312612f801893dc91f139624d3136
apps/web/src/desktop/DesktopBootstrap.tsx	5	pending	0fc00b69e93dff05c37a7ddea5824892ff71debc
apps/web/src/desktop/connections.apiBase.test.ts	5	pending	9071b41f3ff00d290f13592d9cf67b4957615e3b
apps/web/src/desktop/connections.test.ts	5	pending	56b27778013c08307930f4a7bcacddb97bac066f
apps/web/src/desktop/connections.ts	5	pending	2c0ec29f4f95c48d003cdb8fa49e86009bab7b89
apps/web/src/desktop/openLibraryFolder.test.ts	5	pending	e074dd6e8fe63f9c0f22472dd2b07cba876b1fe0
apps/web/src/desktop/openLibraryFolder.ts	5	pending	167a62c339c3d009a3b1d10ff2984e102e5b71a3
apps/web/src/desktop/types.ts	5	pending	ac2c4cca53dd737e8544c9e9454315d09266b990
apps/web/src/desktop/useHostImports.test.ts	6	pending	cdd01de3e00983a32ee4e030c0b904476a3dc801
apps/web/src/desktop/useHostImports.ts	6	pending	7c087d6f5870cac52095a2ec599b4f45ef008a49
apps/web/src/desktop/verifyServer.ts	5	pending	f8ca737e5444998dc08dddca866fdbbdbaa6d315
apps/web/src/index.css	4	pending	514a60f9521e1328a3e82d44a3195bfceab08e40
apps/web/src/platform/desktop.test.ts	5	pending	7702ab4e8429ab9e3cb9bcac42180672a11559f7
apps/web/src/platform/desktop.ts	5	pending	d43e99808d64a78d0a81524f3643eff0116791a2
apps/web/src/platform/keymap.json	5	pending	30d4fa7c38ba47df449c398ae700a55e5fb72a2e
apps/web/src/platform/keymap.test.ts	5	pending	b9be6dd82eecf363fc318a12b494611e2976306a
apps/web/src/platform/keymap.ts	5	pending	156014a18f48be5445afe15c081df8a06eb75e5c
apps/web/src/state/useBundleDraft.ts	4	pending	cc5fa9b36273c6f949c74a3e8a2d38f95d894d7d
apps/web/src/state/useGroupingEditBasis.ts	3	pending	78c33c794bfd841b6cb994511b41182e9e73ee72
apps/web/src/state/useMetadataDraft.ts	4	pending	65aad3d05fc58f8bfa2281e1a1f1926789de5c26
apps/web/src/state/useSessionState.ts	2	pending	4f8ba1100a8485452b92e9d0c70f409f27b47911
apps/web/src/test/setup.ts	4	pending	ba24c93b8caf87c2f687e4e2864af93604389eb7
deploy/.env.example	7	pending	6c3f3862f8063caabc4818b20446c2615e02c4ab
deploy/README.md	7	pending	33781eccc30d2a78bce6b8ffef62d9b8a44dd0fa
deploy/docker-compose.yml	7	pending	7a7027fd4501018eca0e6025579502d578caee68
docker-compose.prod.yml	7	pending	6d4de1d7ef855bd92feb30161ab086c0f85a9309
docs/STATUS.md	shared	partial	7948cc99b98014eb27ede53432403052013c0b90
docs/adr/0008-per-library-metadata-and-registry.md	2	pending	7be71d19fe6b7407787253b6b6ef60d5aeb3750c
docs/adr/0010-per-library-passphrase-lock.md	2	pending	3f4b2432147d9338c67a20ae4d5f68274257419e
docs/adr/0013-library-write-mode.md	2	pending	90e2eb015351f66963dd8510be68a85b634eab44
docs/adr/0014-hls-session-model.md	5	pending	156494dcc93e0169ee84d9dda5e7e3219086c9ad
docs/adr/0016-ordered-bundle-media-cursor.md	5	pending	4ec80b9d70cc0293c90b82a95ca49080602c8087
docs/adr/0018-library-ownership-lease-and-local-server.md	2	pending	3125d03af3779f3fc0442266a7c5cc480feb0764
docs/adr/0019-open-source-distribution-model.md	6	pending	d7f9ab17b054e9f3973cbc89c0953c1850c3102c
docs/adr/0021-library-journal-mode-lifecycle.md	2	pending	b0fbe6680759c22ea3bc72a25ffa6f66ebe3b943
docs/adr/0022-grouping-plans-in-a-server-local-database.md	3	pending	5533f8aaaa00afdccf685b5f695db734e986e519
docs/adr/0029-cloud-metadata-replicas.md	1	pending	2f5f5ebd13acde0f232f97a09374d8cd7828bc0b
docs/adr/0030-shared-server-edit-bases.md	shared	pending	0b01ff80945ba7a97675dbc0410162b026291438
docs/adr/0031-private-replica-recovery.md	2	pending	53883daa055fe9e12d461e8bf75c9b6d8d1d15a1
docs/adr/0032-replica-discovery.md	3	pending	e2416c6dfdc22e044f4760b18f3b66786b913e84
docs/adr/0033-selective-native-file-drops.md	6	pending	bd2cbfef5e17ff99d2117ea606ea945792f01ad9
docs/adr/0034-mounted-smb-copy-publication.md	6	pending	99f07d823d7fbd75391f1b7ed5d77fc52d46b284
docs/adr/0035-portable-library-format.md	2	exact	f6e56521520888113647fd017a2fbe75d4d69b49
docs/adr/0036-portable-source-operations.md	6	pending	e291308d247ab39e79661a5b1669c90e88e28b12
docs/adr/0037-portable-mounted-smb.md	6	pending	6d8783dd5ff882a2dc385673c05e24bfe11019f1
docs/adr/README.md	shared	partial	354991e2f3405dcf4ac136b2c7228960dc047ea7
docs/architecture.md	shared	partial	8cdfd70c251d7f6d881caaae5e2830c71279f0a6
docs/audit-status.md	shared	partial	bc44117defac78a77f5247c02f2d3eb648450a8b
docs/connections.md	5	pending	09388e4bb11483b3549a0258ac81f3f8b3dc0a0a
docs/data-model.md	shared	partial	b14b855f76cbcfabfaef10079e60a6fc46504a84
docs/deployment.md	shared	pending	ecdd8fa0bc85d77423e4e3dc34667a1a9a8f9996
docs/desktop-file-integration-verification.md	shared	pending	7c16e82faa3d7ae63305185eb28778145f4d409d
docs/development.md	shared	partial	25e5090a6b37f0e31136fb5fbc02dcaeac53a4b1
docs/file-operations.md	6	pending	26b9d31261b137cd356389fcb671fac4299709bb
docs/filter-language.md	shared	pending	b3417640e1b7f5357cfacdc6f84eea039a6fb3ff
docs/interactions.md	5	pending	c75ed995ef0ba0d9701706974e227e6d82d229b3
docs/nas-verification.md	shared	pending	891894003329a0b79cbc2cb4ef1d3fbd619888aa
docs/performance.md	shared	pending	30d7f94d41f895d73eed52bf103e64bedcf48b2a
docs/plans/03-macos-desktop-app.md	shared	pending	405cb39ae239e97c0113f3031c580ec8219a1a4c
docs/plans/04-library-write-mode.md	2	pending	0936dbda41e8ae00c88e53fe0aa2df0f41bc03e7
docs/plans/06-folder-as-bundle-member.md	shared	pending	ef1fdfce2e9e54e8f4e6cc66d8678f589b020411
docs/playback.md	5	pending	109200194e042ab8a155092775dd66ead1f9a604
docs/product-brief.md	shared	partial	077c1ec51c29396a9c106dd253dbd3e4a98115ce
docs/proposals/cloud-metadata-validation.md	shared	pending	45bf3a6efe26a5b507cd8263dce5d277f50edab5
docs/proposals/complete-replica-catalog-review.md	shared	pending	a2664e6f63b0a8c912a1ded93b6beebc1adc9965
docs/proposals/interaction-continuity-review.md	5	pending	82eb795a0452c48f78c5d61bbbe55e394644983a
docs/proposals/playback-reliability-review.md	5	pending	3f4996ca0739e393bb262e931c2cf832425a5b22
docs/proposals/replica-discovery-review.md	3	pending	ca683fa80e2230d80cc15dcadbe939214cd6650c
docs/proposals/server-switching-review.md	shared	pending	fb7e308d9399ca886cc6058435a72a17acefe25c
docs/proposals/unified-library-creation.md	2	pending	64fb8c5a664298c3cc680691d701a9ab82056b9f
docs/replica-catalog.md	shared	pending	d61f84c427e6e939c007219901aa1eb256f7f482
docs/replica-discovery.md	3	pending	e7fcb6088615138afc9288f1fae400bcd1e76153
docs/replica-migration.md	1	partial	bc7d9503daf271811c248fd8ebfcc7c7d0ae5195
docs/replica-recovery.md	2	pending	b04eb958e6d683539601cda7c777592c641f8847
docs/shared-server-edits.md	shared	pending	30cb8ff8f212c09141bf2e5d859180a23109a51a
docs/storage-qualification.md	shared	pending	6ad92edf61517b44f13f551c0c68ad1f6ef88513
infra/backup.sh	7	pending	0820a582697d98797af97f18cdbc776382ad8588
infra/dev_smoke.py	7	pending	fb48eded1486a2d10ba3f454fd22e39661715fec
infra/docker/backup-restore-smoke.sh	7	pending	86d7312764263b7c9bee67bdb423c30e07bc94e5
infra/docker/build-and-check.sh	7	pending	21c2546a1842aaad6a93fa083e8cc3659e86ab0d
infra/docker/entrypoint.sh	7	pending	cc28472503f72f1530771772d29763c30ddb2a4b
infra/docker/ownership_smoke.py	7	pending	3ab5991df94150759b56a865473fcff45aebc7eb
infra/docker/portable_smoke.py	7	pending	a4d2ac6907bec3509315b7e079b2b64657632875
infra/docker/production.Dockerfile	7	pending	6680754b7efecddbf233003bd1bc6a8c3ddfcb97
infra/docker/smoke.sh	7	pending	85eb3f55dc60419bae7bd00bf8fd0a7569a0d1c3
infra/restore.sh	7	pending	f62c78fcdc3f3d70fbc19535e4ea0fd9641c277a
